ZONE CHART,,,,,,,,,
,,,,,,,,,
UPS Ground/UPS 3 Day Select/UPS 2nd Day Air/UPS 2nd Day Air A.M./UPS Next Day Air Saver/UPS Next Day Air,,,,,,,,,
,,,,,,,,,
For shipments originating in ZIP Codes 135-01 to 135-99. To determine zone,,,,,,,,,
take the first three digits of the receiver's ZIP Code and refer to the chart below:,,,,,,,,,
,,,,,,,,,
ZONES,,,,,,,,,
Dest. ZIP,Ground,3 Day Select,2nd Day Air,2nd Day Air A.M.,Next Day Air Saver,Next Day Air,,,
005,003,303,203,243,133,103,,,
006,045,-,225,-,-,125,,,
007,045,-,225,-,-,125,,,
009,045,-,225,-,-,125,,,
010,002,302,202,242,132,102,,,
011,002,302,202,242,132,102,,,
012,002,302,202,242,132,102,,,
013,002,302,202,242,132,102,,,
014,003,303,203,243,133,103,,,
015,003,303,203,243,133,103,,,
016,003,303,203,243,133,103,,,
017,003,303,203,243,133,103,,,
018,003,303,203,243,133,103,,,
019,003,303,203,243,133,103,,,
020,003,303,203,243,133,103,,,
021,003,303,203,243,133,103,,,
022,003,303,203,243,133,103,,,
023,003,303,203,243,133,103,,,
024,003,303,203,243,133,103,,,
025,003,303,203,243,133,103,,,
026,003,303,203,243,133,103,,,
027,003,303,203,243,133,103,,,
028,003,303,203,243,133,103,,,
029,003,303,203,243,133,103,,,
030,003,303,203,243,133,103,,,
031,003,303,203,243,133,103,,,
032,003,303,203,243,133,103,,,
033,003,303,203,243,133,103,,,
034,002,302,202,242,132,102,,,
035,003,303,203,243,133,103,,,
036,002,302,202,242,132,102,,,
037,002,302,202,242,132,102,,,
038,003,303,203,243,133,103,,,
039,003,303,203,243,133,103,,,
040,003,303,203,243,133,103,,,
041,003,303,203,243,133,103,,,
042,003,303,203,243,133,103,,,
043,003,303,203,243,133,103,,,
044,004,304,204,244,134,104,,,
045,003,303,203,243,133,103,,,
046,004,304,204,244,134,104,,,
047,004,304,204,244,134,104,,,
048,003,303,203,243,133,103,,,
049,003,303,203,243,133,103,,,
050,002,302,202,242,132,102,,,
051,002,302,202,242,132,102,,,
052,002,302,202,242,132,102,,,
053,002,302,202,242,132,102,,,
054,002,302,202,242,132,102,,,
055,003,303,203,243,133,103,,,
056,002,302,202,242,132,102,,,
057,002,302,202,242,132,102,,,
058,002,302,202,242,132,102,,,
059,003,303,203,243,133,103,,,
060,002,302,202,242,132,102,,,
061,002,302,202,242,132,102,,,
062,003,303,203,243,133,103,,,
063,003,303,203,243,133,103,,,
064,003,303,203,243,133,103,,,
065,003,303,203,243,133,103,,,
066,002,302,202,242,132,102,,,
067,002,302,202,242,132,102,,,
068,002,302,202,242,132,102,,,
069,002,302,202,242,132,102,,,
070,003,303,203,243,133,103,,,
071,003,303,203,243,133,103,,,
072,003,303,203,243,133,103,,,
073,003,303,203,243,133,103,,,
074,003,303,203,243,133,103,,,
075,003,303,203,243,133,103,,,
076,003,303,203,243,133,103,,,
077,003,303,203,243,133,103,,,
078,003,303,203,243,133,103,,,
079,003,303,203,243,133,103,,,
080,003,303,203,243,133,103,,,
081,003,303,203,243,133,103,,,
082,003,303,203,243,133,103,,,
083,003,303,203,243,133,103,,,
084,003,303,203,243,133,103,,,
085,003,303,203,243,133,103,,,
086,003,303,203,243,133,103,,,
087,003,303,203,243,133,103,,,
088,003,303,203,243,133,103,,,
089,003,303,203,243,133,103,,,
100,003,303,203,243,133,103,,,
101,003,303,203,243,133,103,,,
102,003,303,203,243,133,103,,,
103,003,303,203,243,133,103,,,
104,003,303,203,243,133,103,,,
105,003,303,203,243,133,103,,,
106,002,302,202,242,132,102,,,
107,003,303,203,243,133,103,,,
108,003,303,203,243,133,103,,,
109,002,302,202,242,132,102,,,
110,003,303,203,243,133,103,,,
111,003,303,203,243,133,103,,,
112,003,303,203,243,133,103,,,
113,003,303,203,243,133,103,,,
114,003,303,203,243,133,103,,,
115,003,303,203,243,133,103,,,
116,003,303,203,243,133,103,,,
117,003,303,203,243,133,103,,,
118,003,303,203,243,133,103,,,
119,003,303,203,243,133,103,,,
120,002,302,202,242,132,102,,,
121,002,302,202,242,132,102,,,
122,002,302,202,242,132,102,,,
123,002,302,202,242,132,102,,,
124,002,302,202,242,132,102,,,
125,002,302,202,242,132,102,,,
126,002,302,202,242,132,102,,,
127,002,302,202,242,132,102,,,
128,002,302,202,242,132,102,,,
129,002,302,202,242,132,102,,,
130,002,302,202,242,132,102,,,
131,002,302,202,242,132,102,,,
132,002,302,202,242,132,102,,,
133,002,302,202,242,132,102,,,
134,002,302,202,242,132,102,,,
135,002,302,202,242,132,102,,,
136,002,302,202,242,132,102,,,
137,002,302,202,242,132,102,,,
138,002,302,202,242,132,102,,,
139,002,302,202,242,132,102,,,
140,003,303,203,243,133,103,,,
141,003,303,203,243,133,103,,,
142,003,303,203,243,133,103,,,
143,003,303,203,243,133,103,,,
144,002,302,202,242,132,102,,,
145,002,302,202,242,132,102,,,
146,002,302,202,242,132,102,,,
147,003,303,203,243,133,103,,,
148,002,302,202,242,132,102,,,
149,002,302,202,242,132,102,,,
150,004,304,204,244,134,104,,,
151,004,304,204,244,134,104,,,
152,004,304,204,244,134,104,,,
153,004,304,204,244,134,104,,,
154,004,304,204,244,134,104,,,
155,003,303,203,243,133,103,,,
156,003,303,203,243,133,103,,,
157,003,303,203,243,133,103,,,
158,003,303,203,243,133,103,,,
159,003,303,203,243,133,103,,,
160,003,303,203,243,133,103,,,
161,003,303,203,243,133,103,,,
162,003,303,203,243,133,103,,,
163,003,303,203,243,133,103,,,
164,003,303,203,243,133,103,,,
165,003,303,203,243,133,103,,,
166,003,303,203,243,133,103,,,
167,003,303,203,243,133,103,,,
168,003,303,203,243,133,103,,,
169,002,302,202,242,132,102,,,
170,003,303,203,243,133,103,,,
171,003,303,203,243,133,103,,,
172,003,303,203,243,133,103,,,
173,003,303,203,243,133,103,,,
174,003,303,203,243,133,103,,,
175,003,303,203,243,133,103,,,
176,003,303,203,243,133,103,,,
177,002,302,202,242,132,102,,,
178,003,303,203,243,133,103,,,
179,003,303,203,243,133,103,,,
180,003,303,203,243,133,103,,,
181,003,303,203,243,133,103,,,
182,003,303,203,243,133,103,,,
183,003,303,203,243,133,103,,,
184,002,302,202,242,132,102,,,
185,002,302,202,242,132,102,,,
186,002,302,202,242,132,102,,,
187,002,302,202,242,132,102,,,
188,002,302,202,242,132,102,,,
189,003,303,203,243,133,103,,,
190,003,303,203,243,133,103,,,
191,003,303,203,243,133,103,,,
192,003,303,203,243,133,103,,,
193,003,303,203,243,133,103,,,
194,003,303,203,243,133,103,,,
195,003,303,203,243,133,103,,,
196,003,303,203,243,133,103,,,
197,003,303,203,243,133,103,,,
198,003,303,203,243,133,103,,,
199,003,303,203,243,133,103,,,
200,004,304,204,244,134,104,,,
201,004,304,204,244,134,104,,,
202,004,304,204,244,134,104,,,
203,004,304,204,244,134,104,,,
204,004,304,204,244,134,104,,,
205,004,304,204,244,134,104,,,
206,003,303,203,243,133,103,,,
207,003,303,203,243,133,103,,,
208,003,303,203,243,133,103,,,
209,004,304,204,244,134,104,,,
210,003,303,203,243,133,103,,,
211,003,303,203,243,133,103,,,
212,003,303,203,243,133,103,,,
214,003,303,203,243,133,103,,,
215,003,303,203,243,133,103,,,
216,003,303,203,243,133,103,,,
217,003,303,203,243,133,103,,,
218,004,304,204,244,134,104,,,
219,003,303,203,243,133,103,,,
220,004,304,204,244,134,104,,,
221,004,304,204,244,134,104,,,
222,004,304,204,244,134,104,,,
223,004,304,204,244,134,104,,,
224,004,304,204,244,134,104,,,
225,004,304,204,244,134,104,,,
226,003,303,203,243,133,103,,,
227,004,304,204,244,134,104,,,
228,004,304,204,244,134,104,,,
229,004,304,204,244,134,104,,,
230,004,304,204,244,134,104,,,
231,004,304,204,244,134,104,,,
232,004,304,204,244,134,104,,,
233,004,304,204,244,134,104,,,
234,004,304,204,244,134,104,,,
235,004,304,204,244,134,104,,,
236,004,304,204,244,134,104,,,
237,004,304,204,244,134,104,,,
238,004,304,204,244,134,104,,,
239,004,304,204,244,134,104,,,
240,004,304,204,244,134,104,,,
241,004,304,204,244,134,104,,,
242,004,304,204,244,134,104,,,
243,004,304,204,244,134,104,,,
244,004,304,204,244,134,104,,,
245,004,304,204,244,134,104,,,
246,004,304,204,244,134,104,,,
247,004,304,204,244,134,104,,,
248,004,304,204,244,134,104,,,
249,004,304,204,244,134,104,,,
250,004,304,204,244,134,104,,,
251,004,304,204,244,134,104,,,
252,004,304,204,244,134,104,,,
253,004,304,204,244,134,104,,,
254,003,303,203,243,133,103,,,
255,004,304,204,244,134,104,,,
256,004,304,204,244,134,104,,,
257,004,304,204,244,134,104,,,
258,004,304,204,244,134,104,,,
259,004,304,204,244,134,104,,,
260,004,304,204,244,134,104,,,
261,004,304,204,244,134,104,,,
262,004,304,204,244,134,104,,,
263,004,304,204,244,134,104,,,
264,004,304,204,244,134,104,,,
265,004,304,204,244,134,104,,,
266,004,304,204,244,134,104,,,
267,003,303,203,243,133,103,,,
268,004,304,204,244,134,104,,,
270,004,304,204,244,134,104,,,
271,004,304,204,244,134,104,,,
272,004,304,204,244,134,104,,,
273,004,304,204,244,134,104,,,
274,004,304,204,244,134,104,,,
275,004,304,204,244,134,104,,,
276,004,304,204,244,134,104,,,
277,004,304,204,244,134,104,,,
278,004,304,204,244,134,104,,,
279,004,304,204,244,134,104,,,
280,005,305,205,245,135,105,,,
281,005,305,205,245,135,105,,,
282,005,305,205,245,135,105,,,
283,004,304,204,244,134,104,,,
284,005,305,205,245,135,105,,,
285,004,304,204,244,134,104,,,
286,004,304,204,244,134,104,,,
287,005,305,205,245,135,105,,,
288,005,305,205,245,135,105,,,
289,005,305,205,245,135,105,,,
290,005,305,205,245,135,105,,,
291,005,305,205,245,135,105,,,
292,005,305,205,245,135,105,,,
293,005,305,205,245,135,105,,,
294,005,305,205,245,135,105,,,
295,005,305,205,245,135,105,,,
296,005,305,205,245,135,105,,,
297,005,305,205,245,135,105,,,
298,005,305,205,245,135,105,,,
299,005,305,205,245,135,105,,,
300,005,305,205,245,135,105,,,
301,005,305,205,245,135,105,,,
302,005,305,205,245,135,105,,,
303,005,305,205,245,135,105,,,
304,005,305,205,245,135,105,,,
305,005,305,205,245,135,105,,,
306,005,305,205,245,135,105,,,
307,005,305,205,245,135,105,,,
308,005,305,205,245,135,105,,,
309,005,305,205,245,135,105,,,
310,005,305,205,245,135,105,,,
311,005,305,205,245,135,105,,,
312,005,305,205,245,135,105,,,
313,005,305,205,245,135,105,,,
314,005,305,205,245,135,105,,,
315,005,305,205,245,135,105,,,
316,005,305,205,245,135,105,,,
317,005,305,205,245,135,105,,,
318,005,305,205,245,135,105,,,
319,005,305,205,245,135,105,,,
320,005,305,205,245,135,105,,,
321,005,305,205,245,135,105,,,
322,005,305,205,245,135,105,,,
323,006,306,206,246,136,106,,,
324,006,306,206,246,136,106,,,
325,006,306,206,246,136,106,,,
326,005,305,205,245,135,105,,,
327,006,306,206,246,136,106,,,
328,006,306,206,246,136,106,,,
329,006,306,206,246,136,106,,,
330,006,306,206,246,136,106,,,
331,006,306,206,246,136,106,,,
332,006,306,206,246,136,106,,,
333,006,306,206,246,136,106,,,
334,006,306,206,246,136,106,,,
335,006,306,206,246,136,106,,,
336,006,306,206,246,136,106,,,
337,006,306,206,246,136,106,,,
338,006,306,206,246,136,106,,,
339,006,306,206,246,136,106,,,
341,006,306,206,246,136,106,,,
342,006,306,206,246,136,106,,,
344,005,305,205,245,135,105,,,
346,006,306,206,246,136,106,,,
347,006,306,206,246,136,106,,,
349,006,306,206,246,136,106,,,
350,005,305,205,245,135,105,,,
351,005,305,205,245,135,105,,,
352,005,305,205,245,135,105,,,
354,005,305,205,245,135,105,,,
355,005,305,205,245,135,105,,,
356,005,305,205,245,135,105,,,
357,005,305,205,245,135,105,,,
358,005,305,205,245,135,105,,,
359,005,305,205,245,135,105,,,
360,005,305,205,245,135,105,,,
361,005,305,205,245,135,105,,,
362,005,305,205,245,135,105,,,
363,005,305,205,245,135,105,,,
364,006,306,206,246,136,106,,,
365,006,306,206,246,136,106,,,
366,006,306,206,246,136,106,,,
367,005,305,205,245,135,105,,,
368,005,305,205,245,135,105,,,
369,006,306,206,246,136,106,,,
370,005,305,205,245,135,105,,,
371,005,305,205,245,135,105,,,
372,005,305,205,245,135,105,,,
373,005,305,205,245,135,105,,,
374,005,305,205,245,135,105,,,
375,005,305,205,245,135,105,,,
376,004,304,204,244,134,104,,,
377,005,305,205,245,135,105,,,
378,005,305,205,245,135,105,,,
379,005,305,205,245,135,105,,,
380,005,305,205,245,135,105,,,
381,005,305,205,245,135,105,,,
382,005,305,205,245,135,105,,,
383,005,305,205,245,135,105,,,
384,005,305,205,245,135,105,,,
385,005,305,205,245,135,105,,,
386,005,305,205,245,135,105,,,
387,006,306,206,246,136,106,,,
388,005,305,205,245,135,105,,,
389,005,305,205,245,135,105,,,
390,006,306,206,246,136,106,,,
391,006,306,206,246,136,106,,,
392,006,306,206,246,136,106,,,
393,006,306,206,246,136,106,,,
394,006,306,206,246,136,106,,,
395,006,306,206,246,136,106,,,
396,006,306,206,246,136,106,,,
397,005,305,205,245,135,105,,,
398,005,305,205,245,135,105,,,
399,005,305,205,245,135,105,,,
400,005,305,205,245,135,105,,,
401,005,305,205,245,135,105,,,
402,005,305,205,245,135,105,,,
403,004,304,204,244,134,104,,,
404,004,304,204,244,134,104,,,
405,004,304,204,244,134,104,,,
406,004,304,204,244,134,104,,,
407,005,305,205,245,135,105,,,
408,005,305,205,245,135,105,,,
409,005,305,205,245,135,105,,,
410,004,304,204,244,134,104,,,
411,004,304,204,244,134,104,,,
412,004,304,204,244,134,104,,,
413,004,304,204,244,134,104,,,
414,004,304,204,244,134,104,,,
415,004,304,204,244,134,104,,,
416,004,304,204,244,134,104,,,
417,004,304,204,244,134,104,,,
418,004,304,204,244,134,104,,,
420,005,305,205,245,135,105,,,
421,005,305,205,245,135,105,,,
422,005,305,205,245,135,105,,,
423,005,305,205,245,135,105,,,
424,005,305,205,245,135,105,,,
425,005,305,205,245,135,105,,,
426,005,305,205,245,135,105,,,
427,005,305,205,245,135,105,,,
430,004,304,204,244,134,104,,,
431,004,304,204,244,134,104,,,
432,004,304,204,244,134,104,,,
433,004,304,204,244,134,104,,,
434,004,304,204,244,134,104,,,
435,004,304,204,244,134,104,,,
436,004,304,204,244,134,104,,,
437,004,304,204,244,134,104,,,
438,004,304,204,244,134,104,,,
439,004,304,204,244,134,104,,,
440,004,304,204,244,134,104,,,
441,004,304,204,244,134,104,,,
442,004,304,204,244,134,104,,,
443,004,304,204,244,134,104,,,
444,003,303,203,243,133,103,,,
445,003,303,203,243,133,103,,,
446,004,304,204,244,134,104,,,
447,004,304,204,244,134,104,,,
448,004,304,204,244,134,104,,,
449,004,304,204,244,134,104,,,
450,004,304,204,244,134,104,,,
451,004,304,204,244,134,104,,,
452,004,304,204,244,134,104,,,
453,004,304,204,244,134,104,,,
454,004,304,204,244,134,104,,,
455,004,304,204,244,134,104,,,
456,004,304,204,244,134,104,,,
457,004,304,204,244,134,104,,,
458,004,304,204,244,134,104,,,
459,004,304,204,244,134,104,,,
460,004,304,204,244,134,104,,,
461,004,304,204,244,134,104,,,
462,004,304,204,244,134,104,,,
463,005,305,205,245,135,105,,,
464,005,305,205,245,135,105,,,
465,004,304,204,244,134,104,,,
466,004,304,204,244,134,104,,,
467,004,304,204,244,134,104,,,
468,004,304,204,244,134,104,,,
469,004,304,204,244,134,104,,,
470,004,304,204,244,134,104,,,
471,005,305,205,245,135,105,,,
472,004,304,204,244,134,104,,,
473,004,304,204,244,134,104,,,
474,005,305,205,245,135,105,,,
475,005,305,205,245,135,105,,,
476,005,305,205,245,135,105,,,
477,005,305,205,245,135,105,,,
478,005,305,205,245,135,105,,,
479,005,305,205,245,135,105,,,
480,004,304,204,244,134,104,,,
481,004,304,204,244,134,104,,,
482,004,304,204,244,134,104,,,
483,004,304,204,244,134,104,,,
484,004,304,204,244,134,104,,,
485,004,304,204,244,134,104,,,
486,004,304,204,244,134,104,,,
487,004,304,204,244,134,104,,,
488,004,304,204,244,134,104,,,
489,004,304,204,244,134,104,,,
490,004,304,204,244,134,104,,,
491,004,304,204,244,134,104,,,
492,004,304,204,244,134,104,,,
493,004,304,204,244,134,104,,,
494,004,304,204,244,134,104,,,
495,004,304,204,244,134,104,,,
496,004,304,204,244,134,104,,,
497,004,304,204,244,134,104,,,
498,005,305,205,245,135,105,,,
499,005,305,205,245,135,105,,,
500,005,305,205,245,135,105,,,
501,005,305,205,245,135,105,,,
502,005,305,205,245,135,105,,,
503,005,305,205,245,135,105,,,
504,005,305,205,245,135,105,,,
505,005,305,205,245,135,105,,,
506,005,305,205,245,135,105,,,
507,005,305,205,245,135,105,,,
508,005,305,205,245,135,105,,,
509,005,305,205,245,135,105,,,
510,006,306,206,246,136,106,,,
511,006,306,206,246,136,106,,,
512,006,306,206,246,136,106,,,
513,005,305,205,245,135,105,,,
514,005,305,205,245,135,105,,,
515,006,306,206,246,136,106,,,
516,006,306,206,246,136,106,,,
520,005,305,205,245,135,105,,,
521,005,305,205,245,135,105,,,
522,005,305,205,245,135,105,,,
523,005,305,205,245,135,105,,,
524,005,305,205,245,135,105,,,
525,005,305,205,245,135,105,,,
526,005,305,205,245,135,105,,,
527,005,305,205,245,135,105,,,
528,005,305,205,245,135,105,,,
530,005,305,205,245,135,105,,,
531,005,305,205,245,135,105,,,
532,005,305,205,245,135,105,,,
534,005,305,205,245,135,105,,,
535,005,305,205,245,135,105,,,
537,005,305,205,245,135,105,,,
538,005,305,205,245,135,105,,,
539,005,305,205,245,135,105,,,
540,005,305,205,245,135,105,,,
541,005,305,205,245,135,105,,,
542,005,305,205,245,135,105,,,
543,005,305,205,245,135,105,,,
544,005,305,205,245,135,105,,,
545,005,305,205,245,135,105,,,
546,005,305,205,245,135,105,,,
547,005,305,205,245,135,105,,,
548,005,305,205,245,135,105,,,
549,005,305,205,245,135,105,,,
550,005,305,205,245,135,105,,,
551,005,305,205,245,135,105,,,
553,005,305,205,245,135,105,,,
554,005,305,205,245,135,105,,,
555,005,305,205,245,135,105,,,
556,005,305,205,245,135,105,,,
557,005,305,205,245,135,105,,,
558,005,305,205,245,135,105,,,
559,005,305,205,245,135,105,,,
560,005,305,205,245,135,105,,,
561,005,305,205,245,135,105,,,
562,005,305,205,245,135,105,,,
563,005,305,205,245,135,105,,,
564,005,305,205,245,135,105,,,
565,006,306,206,246,136,106,,,
566,005,305,205,245,135,105,,,
567,006,306,206,246,136,106,,,
569,006,306,206,246,136,106,,,
570,006,306,206,246,136,106,,,
571,006,306,206,246,136,106,,,
572,006,306,206,246,136,106,,,
573,006,306,206,246,136,106,,,
574,006,306,206,246,136,106,,,
575,006,306,206,246,136,106,,,
576,006,306,206,246,136,106,,,
577,006,306,206,246,136,106,,,
580,006,306,206,246,136,106,,,
581,006,306,206,246,136,106,,,
582,006,306,206,246,136,106,,,
583,006,306,206,246,136,106,,,
584,006,306,206,246,136,106,,,
585,006,306,206,246,136,106,,,
586,006,306,206,246,136,106,,,
587,006,306,206,246,136,106,,,
588,006,306,206,246,136,106,,,
590,007,307,207,247,137,107,,,
591,007,307,207,247,137,107,,,
592,007,307,207,247,137,107,,,
593,007,307,207,247,137,107,,,
594,007,307,207,247,137,107,,,
595,007,307,207,247,137,107,,,
596,007,307,207,247,137,107,,,
597,008,308,208,248,138,108,,,
598,008,308,208,248,138,108,,,
599,008,308,208,248,138,108,,,
600,005,305,205,245,135,105,,,
601,005,305,205,245,135,105,,,
602,005,305,205,245,135,105,,,
603,005,305,205,245,135,105,,,
604,005,305,205,245,135,105,,,
605,005,305,205,245,135,105,,,
606,005,305,205,245,135,105,,,
607,005,305,205,245,135,105,,,
608,005,305,205,245,135,105,,,
609,005,305,205,245,135,105,,,
610,005,305,205,245,135,105,,,
611,005,305,205,245,135,105,,,
612,005,305,205,245,135,105,,,
613,005,305,205,245,135,105,,,
614,005,305,205,245,135,105,,,
615,005,305,205,245,135,105,,,
616,005,305,205,245,135,105,,,
617,005,305,205,245,135,105,,,
618,005,305,205,245,135,105,,,
619,005,305,205,245,135,105,,,
620,005,305,205,245,135,105,,,
622,005,305,205,245,135,105,,,
623,005,305,205,245,135,105,,,
624,005,305,205,245,135,105,,,
625,005,305,205,245,135,105,,,
626,005,305,205,245,135,105,,,
627,005,305,205,245,135,105,,,
628,005,305,205,245,135,105,,,
629,005,305,205,245,135,105,,,
630,005,305,205,245,135,105,,,
631,005,305,205,245,135,105,,,
633,005,305,205,245,135,105,,,
634,005,305,205,245,135,105,,,
635,005,305,205,245,135,105,,,
636,005,305,205,245,135,105,,,
637,005,305,205,245,135,105,,,
638,005,305,205,245,135,105,,,
639,005,305,205,245,135,105,,,
640,006,306,206,246,136,106,,,
641,006,306,206,246,136,106,,,
644,006,306,206,246,136,106,,,
645,006,306,206,246,136,106,,,
646,005,305,205,245,135,105,,,
647,006,306,206,246,136,106,,,
648,006,306,206,246,136,106,,,
649,006,306,206,246,136,106,,,
650,005,305,205,245,135,105,,,
651,005,305,205,245,135,105,,,
652,005,305,205,245,135,105,,,
653,005,305,205,245,135,105,,,
654,005,305,205,245,135,105,,,
655,005,305,205,245,135,105,,,
656,006,306,206,246,136,106,,,
657,006,306,206,246,136,106,,,
658,006,306,206,246,136,106,,,
660,006,306,206,246,136,106,,,
661,006,306,206,246,136,106,,,
662,006,306,206,246,136,106,,,
664,006,306,206,246,136,106,,,
665,006,306,206,246,136,106,,,
666,006,306,206,246,136,106,,,
667,006,306,206,246,136,106,,,
668,006,306,206,246,136,106,,,
669,006,306,206,246,136,106,,,
670,006,306,206,246,136,106,,,
671,006,306,206,246,136,106,,,
672,006,306,206,246,136,106,,,
673,006,306,206,246,136,106,,,
674,006,306,206,246,136,106,,,
675,006,306,206,246,136,106,,,
676,006,306,206,246,136,106,,,
677,006,306,206,246,136,106,,,
678,006,306,206,246,136,106,,,
679,006,306,206,246,136,106,,,
680,006,306,206,246,136,106,,,
681,006,306,206,246,136,106,,,
683,006,306,206,246,136,106,,,
684,006,306,206,246,136,106,,,
685,006,306,206,246,136,106,,,
686,006,306,206,246,136,106,,,
687,006,306,206,246,136,106,,,
688,006,306,206,246,136,106,,,
689,006,306,206,246,136,106,,,
690,006,306,206,246,136,106,,,
691,006,306,206,246,136,106,,,
692,006,306,206,246,136,106,,,
693,006,306,206,246,136,106,,,
700,006,306,206,246,136,106,,,
701,006,306,206,246,136,106,,,
703,006,306,206,246,136,106,,,
704,006,306,206,246,136,106,,,
705,006,306,206,246,136,106,,,
706,006,306,206,246,136,106,,,
707,006,306,206,246,136,106,,,
708,006,306,206,246,136,106,,,
710,006,306,206,246,136,106,,,
711,006,306,206,246,136,106,,,
712,006,306,206,246,136,106,,,
713,006,306,206,246,136,106,,,
714,006,306,206,246,136,106,,,
716,006,306,206,246,136,106,,,
717,006,306,206,246,136,106,,,
718,006,306,206,246,136,106,,,
719,006,306,206,246,136,106,,,
720,006,306,206,246,136,106,,,
721,006,306,206,246,136,106,,,
722,006,306,206,246,136,106,,,
723,005,305,205,245,135,105,,,
724,005,305,205,245,135,105,,,
725,005,305,205,245,135,105,,,
726,006,306,206,246,136,106,,,
727,006,306,206,246,136,106,,,
728,006,306,206,246,136,106,,,
729,006,306,206,246,136,106,,,
730,006,306,206,246,136,106,,,
731,006,306,206,246,136,106,,,
733,007,307,207,247,137,107,,,
734,006,306,206,246,136,106,,,
735,006,306,206,246,136,106,,,
736,006,306,206,246,136,106,,,
737,006,306,206,246,136,106,,,
738,006,306,206,246,136,106,,,
739,006,306,206,246,136,106,,,
740,006,306,206,246,136,106,,,
741,006,306,206,246,136,106,,,
743,006,306,206,246,136,106,,,
744,006,306,206,246,136,106,,,
745,006,306,206,246,136,106,,,
746,006,306,206,246,136,106,,,
747,006,306,206,246,136,106,,,
748,006,306,206,246,136,106,,,
749,006,306,206,246,136,106,,,
750,006,306,206,246,136,106,,,
751,006,306,206,246,136,106,,,
752,006,306,206,246,136,106,,,
753,006,306,206,246,136,106,,,
754,006,306,206,246,136,106,,,
755,006,306,206,246,136,106,,,
756,006,306,206,246,136,106,,,
757,006,306,206,246,136,106,,,
758,006,306,206,246,136,106,,,
759,006,306,206,246,136,106,,,
760,006,306,206,246,136,106,,,
761,006,306,206,246,136,106,,,
762,006,306,206,246,136,106,,,
763,006,306,206,246,136,106,,,
764,006,306,206,246,136,106,,,
765,007,307,207,247,137,107,,,
766,007,307,207,247,137,107,,,
767,007,307,207,247,137,107,,,
768,007,307,207,247,137,107,,,
769,007,307,207,247,137,107,,,
770,007,307,207,247,137,107,,,
772,007,307,207,247,137,107,,,
773,006,306,206,246,136,106,,,
774,007,307,207,247,137,107,,,
775,007,307,207,247,137,107,,,
776,006,306,206,246,136,106,,,
777,006,306,206,246,136,106,,,
778,007,307,207,247,137,107,,,
779,007,307,207,247,137,107,,,
780,007,307,207,247,137,107,,,
781,007,307,207,247,137,107,,,
782,007,307,207,247,137,107,,,
783,007,307,207,247,137,107,,,
784,007,307,207,247,137,107,,,
785,007,307,207,247,137,107,,,
786,007,307,207,247,137,107,,,
787,007,307,207,247,137,107,,,
788,007,307,207,247,137,107,,,
789,007,307,207,247,137,107,,,
790,007,307,207,247,137,107,,,
791,007,307,207,247,137,107,,,
792,007,307,207,247,137,107,,,
793,007,307,207,247,137,107,,,
794,007,307,207,247,137,107,,,
795,007,307,207,247,137,107,,,
796,007,307,207,247,137,107,,,
797,007,307,207,247,137,107,,,
798,008,308,208,248,138,108,,,
799,008,308,208,248,138,108,,,
800,007,307,207,247,137,107,,,
801,007,307,207,247,137,107,,,
802,007,307,207,247,137,107,,,
803,007,307,207,247,137,107,,,
804,007,307,207,247,137,107,,,
805,007,307,207,247,137,107,,,
806,007,307,207,247,137,107,,,
807,007,307,207,247,137,107,,,
808,007,307,207,247,137,107,,,
809,007,307,207,247,137,107,,,
810,007,307,207,247,137,107,,,
811,007,307,207,247,137,107,,,
812,007,307,207,247,137,107,,,
813,007,307,207,247,137,107,,,
814,007,307,207,247,137,107,,,
815,007,307,207,247,137,107,,,
816,007,307,207,247,137,107,,,
820,007,307,207,247,137,107,,,
821,007,307,207,247,137,107,,,
822,007,307,207,247,137,107,,,
823,007,307,207,247,137,107,,,
824,007,307,207,247,137,107,,,
825,007,307,207,247,137,107,,,
826,007,307,207,247,137,107,,,
827,007,307,207,247,137,107,,,
828,007,307,207,247,137,107,,,
829,007,307,207,247,137,107,,,
830,007,307,207,247,137,107,,,
831,007,307,207,247,137,107,,,
832,008,308,208,248,138,108,,,
833,008,308,208,248,138,108,,,
834,008,308,208,248,138,108,,,
835,008,308,208,248,138,108,,,
836,008,308,208,248,138,108,,,
837,008,308,208,248,138,108,,,
838,008,308,208,248,138,108,,,
840,008,308,208,248,138,108,,,
841,008,308,208,248,138,108,,,
842,008,308,208,248,138,108,,,
843,008,308,208,248,138,108,,,
844,008,308,208,248,138,108,,,
845,008,308,208,248,138,108,,,
846,008,308,208,248,138,108,,,
847,008,308,208,248,138,108,,,
850,008,308,208,248,138,108,,,
851,008,308,208,248,138,108,,,
852,008,308,208,248,138,108,,,
853,008,308,208,248,138,108,,,
855,008,308,208,248,138,108,,,
856,008,308,208,248,138,108,,,
857,008,308,208,248,138,108,,,
859,008,308,208,248,138,108,,,
860,008,308,208,248,138,108,,,
863,008,308,208,248,138,108,,,
864,008,308,208,248,138,108,,,
865,008,308,208,248,138,108,,,
870,007,307,207,247,137,107,,,
871,007,307,207,247,137,107,,,
873,008,308,208,248,138,108,,,
874,007,307,207,247,137,107,,,
875,007,307,207,247,137,107,,,
877,007,307,207,247,137,107,,,
878,007,307,207,247,137,107,,,
879,008,308,208,248,138,108,,,
880,008,308,208,248,138,108,,,
881,007,307,207,247,137,107,,,
882,007,307,207,247,137,107,,,
883,007,307,207,247,137,107,,,
884,007,307,207,247,137,107,,,
885,008,308,208,248,138,108,,,
889,008,308,208,248,138,108,,,
890,008,308,208,248,138,108,,,
891,008,308,208,248,138,108,,,
893,008,308,208,248,138,108,,,
894,008,308,208,248,138,108,,,
895,008,308,208,248,138,108,,,
897,008,308,208,248,138,108,,,
898,008,308,208,248,138,108,,,
900,008,308,208,248,138,108,,,
901,008,308,208,248,138,108,,,
902,008,308,208,248,138,108,,,
903,008,308,208,248,138,108,,,
904,008,308,208,248,138,108,,,
905,008,308,208,248,138,108,,,
906,008,308,208,248,138,108,,,
907,008,308,208,248,138,108,,,
908,008,308,208,248,138,108,,,
910,008,308,208,248,138,108,,,
911,008,308,208,248,138,108,,,
912,008,308,208,248,138,108,,,
913,008,308,208,248,138,108,,,
914,008,308,208,248,138,108,,,
915,008,308,208,248,138,108,,,
916,008,308,208,248,138,108,,,
917,008,308,208,248,138,108,,,
918,008,308,208,248,138,108,,,
919,008,308,208,248,138,108,,,
920,008,308,208,248,138,108,,,
921,008,308,208,248,138,108,,,
922,008,308,208,248,138,108,,,
923,008,308,208,248,138,108,,,
924,008,308,208,248,138,108,,,
925,008,308,208,248,138,108,,,
926,008,308,208,248,138,108,,,
927,008,308,208,248,138,108,,,
928,008,308,208,248,138,108,,,
930,008,308,208,248,138,108,,,
931,008,308,208,248,138,108,,,
932,008,308,208,248,138,108,,,
933,008,308,208,248,138,108,,,
934,008,308,208,248,138,108,,,
935,008,308,208,248,138,108,,,
936,008,308,208,248,138,108,,,
937,008,308,208,248,138,108,,,
938,008,308,208,248,138,108,,,
939,008,308,208,248,138,108,,,
940,008,308,208,248,138,108,,,
941,008,308,208,248,138,108,,,
942,008,308,208,248,138,108,,,
943,008,308,208,248,138,108,,,
944,008,308,208,248,138,108,,,
945,008,308,208,248,138,108,,,
946,008,308,208,248,138,108,,,
947,008,308,208,248,138,108,,,
948,008,308,208,248,138,108,,,
949,008,308,208,248,138,108,,,
950,008,308,208,248,138,108,,,
951,008,308,208,248,138,108,,,
952,008,308,208,248,138,108,,,
953,008,308,208,248,138,108,,,
954,008,308,208,248,138,108,,,
955,008,308,208,248,138,108,,,
956,008,308,208,248,138,108,,,
957,008,308,208,248,138,108,,,
958,008,308,208,248,138,108,,,
959,008,308,208,248,138,108,,,
960,008,308,208,248,138,108,,,
961,008,308,208,248,138,108,,,
970,008,308,208,248,138,108,,,
971,008,308,208,248,138,108,,,
972,008,308,208,248,138,108,,,
973,008,308,208,248,138,108,,,
974,008,308,208,248,138,108,,,
975,008,308,208,248,138,108,,,
976,008,308,208,248,138,108,,,
977,008,308,208,248,138,108,,,
978,008,308,208,248,138,108,,,
979,008,308,208,248,138,108,,,
980,008,308,208,248,138,108,,,
981,008,308,208,248,138,108,,,
982,008,308,208,248,138,108,,,
983,008,308,208,248,138,108,,,
984,008,308,208,248,138,108,,,
985,008,308,208,248,138,108,,,
986,008,308,208,248,138,108,,,
988,008,308,208,248,138,108,,,
989,008,308,208,248,138,108,,,
990,008,308,208,248,138,108,,,
991,008,308,208,248,138,108,,,
992,008,308,208,248,138,108,,,
993,008,308,208,248,138,108,,,
994,008,308,208,248,138,108,,,
,,,,,,,,,
,,,,,,,,,
,,,,,,,,,
,,,,,,,,,
,,,,,,,,,
,,,,,,,,,
"[1] For Virgin Islands, Guam, Marshall Islands, etc., please refer to the Worldwide Rate and Zone information.",,,,,,,,,
,,,,,,,,,
"[2] For Hawaii, the following Postal Codes are Zone 44 for Ground, Zone 124 for Next Day Air and Zone 224 for 2nd Day Air:",,,,,,,,,
96701,96706,96707,96709,96712,96717,96730,96731,96734,
96744,96759,96762,96782,96786,96789,96791,96792,96795,
96797,96801,96802,96803,96804,96805,96806,96807,96808,
96809,96810,96811,96812,96813,96814,96815,96816,96817,
96818,96819,96820,96821,96822,96823,96824,96825,96826,
96827,96828,96830,96835,96836,96837,96838,96839,96840,
96841,96842,96843,96844,96845,96846,96847,96848,96849,
96850,96853,96854,96857,96858,96859,96860,96861,96862,
96863,96898,,,,,,,,
"For Hawaii, the following Postal Codes are Zone 46 for Ground, Zone 126 for Next Day Air and Zone 226 for 2nd Day Air:",,,,,,,,,
96703,96704,96705,96708,96710,96713,96714,96715,96716,
96718,96719,96720,96721,96722,96725,96726,96727,96728,
96729,96732,96733,96737,96738,96739,96740,96741,96742,
96743,96745,96746,96747,96748,96749,96750,96751,96752,
96753,96754,96755,96756,96757,96760,96761,96763,96764,
96765,96766,96767,96768,96769,96770,96771,96772,96773,
96774,96775,96776,96777,96778,96779,96780,96781,96783,
96784,96785,96788,96790,96793,96796,,,,
,,,,,,,,,
"[3] For Alaska, the following Postal Codes are Zone 44 for Ground, Zone 124 for Next Day Air and Zone 224 for 2nd Day Air:",,,,,,,,,
99501,99502,99503,99504,99505,99506,99507,99508,99509,
99510,99511,99512,99513,99514,99515,99516,99517,99518,
99519,99520,99521,99522,99523,99524,99540,99556,99567,
99568,99572,99577,99587,99603,99605,99610,99611,99631,
99635,99639,99645,99654,99664,99669,99672,99687,99701,
99702,99703,99705,99706,99707,99708,99709,99710,99711,
99712,99775,,,,,,,,
"For Alaska, the following Postal Codes are Zone 46 for Ground, Zone 126 for Next Day Air and Zone 226 for 2nd Day Air.",,,,,,,,,
99529,99530,99545,99546,99547,99548,99549,99550,99551,
99552,99553,99554,99555,99557,99558,99559,99561,99563,
99564,99565,99566,99569,99571,99573,99574,99575,99576,
99578,99579,99580,99581,99583,99584,99585,99586,99588,
99589,99590,99591,99599,99602,99604,99606,99607,99608,
99609,99612,99613,99614,99615,99619,99620,99621,99622,
99623,99624,99625,99626,99627,99628,99629,99630,99632,
99633,99634,99636,99637,99638,99640,99641,99643,99644,
99647,99648,99649,99650,99651,99652,99653,99655,99656,
99657,99658,99659,99660,99661,99662,99663,99665,99666,
99667,99668,99670,99671,99674,99675,99676,99677,99678,
99679,99680,99681,99682,99683,99684,99685,99686,99688,
99689,99690,99691,99692,99693,99694,99695,99697,99704,
99714,99716,99720,99721,99722,99723,99724,99725,99726,
99727,99729,99730,99731,99732,99733,99734,99736,99737,
99738,99739,99740,99741,99742,99743,99744,99745,99746,
99747,99748,99749,99750,99751,99752,99753,99754,99755,
99756,99757,99758,99759,99760,99761,99762,99763,99764,
99765,99766,99767,99768,99769,99770,99771,99772,99773,
99774,99776,99777,99778,99779,99780,99781,99782,99783,
99784,99785,99786,99788,99789,99790,99791,99801,99802,
99803,99811,99812,99820,99821,99824,99825,99826,99827,
99829,99830,99832,99833,99835,99836,99840,99841,99850,
99901,99903,99918,99919,99921,99922,99923,99925,99926,
99927,99928,99929,99950,,,,,,
